Name,Age,Team,Games,Rebounds,Assists,Steals,Blocks,Turnovers,Points
Shai Gilgeous-Alexander,26,OKC,76,379,486,131,77,183,2484
Anthony Edwards,23,MIN,79,450,359,91,51,249,2177
Nikola Jokić,29,DEN,70,892,716,127,45,230,2071
Giannis Antetokounmpo,30,MIL,67,798,433,58,78,206,2036
Jayson Tatum,26,BOS,72,623,431,76,38,209,1932
Devin Booker,28,PHO,75,305,529,67,16,220,1923
Trae Young,26,ATL,76,236,880,91,12,355,1841
Tyler Herro,25,MIA,77,399,424,69,17,198,1840
Cade Cunningham,23,DET,70,425,638,71,53,309,1830
James Harden,35,LAC,79,456,687,118,55,341,1802
Karl-Anthony Towns,29,NYK,72,920,222,71,50,192,1759
Zach LaVine,29,2TM,74,315,310,58,12,208,1724
Jalen Green,22,HOU,82,377,282,71,27,203,1723
Stephen Curry,36,GSW,70,310,421,80,30,200,1718
DeMar DeRozan,35,SAC,77,298,342,62,32,105,1710
LeBron James,40,LAL,70,546,575,70,39,260,1710
Donovan Mitchell,28,CLE,71,322,354,95,17,149,1701
Jalen Brunson,28,NYK,65,187,475,60,8,164,1690
Kevin Durant,36,PHO,62,374,263,50,77,190,1647
Jaren Jackson Jr.,25,MEM,74,417,148,92,113,153,1641
Pascal Siakam,30,IND,78,540,263,70,42,109,1578
Darius Garland,25,CLE,75,214,506,91,11,189,1544
Coby White,24,CHI,74,273,330,69,16,177,1509
Jalen Williams,23,OKC,69,369,354,111,46,150,1490
Austin Reaves,26,LAL,73,329,421,81,22,177,1475
De'Aaron Fox,27,2TM,62,298,392,91,25,174,1459
Alperen Şengün,22,HOU,76,786,372,84,61,194,1451
Franz Wagner,23,ORL,60,342,284,75,21,138,1449
Damian Lillard,34,MIL,58,272,410,70,10,162,1447
Mikal Bridges,28,NYK,82,259,306,75,43,132,1444
Jamal Murray,27,DEN,67,261,403,91,33,138,1436
Bam Adebayo,27,MIA,78,749,337,98,53,161,1410
Luka Dončić,25,2TM,50,409,383,89,21,179,1408
Jaylen Brown,28,BOS,63,368,286,73,19,162,1398
Michael Porter Jr.,26,DEN,77,540,165,50,38,104,1398
Jordan Poole,25,WAS,68,203,303,86,27,204,1391
Tyrese Maxey,24,PHI,52,174,317,91,21,124,1369
Tyrese Haliburton,24,IND,73,258,673,105,49,120,1359
Nikola Vučević,34,CHI,73,735,256,61,52,119,1349
Anfernee Simons,25,POR,70,189,337,60,5,143,1348
Ivica Zubac,27,LAC,80,1010,214,55,90,127,1340
Domantas Sabonis,28,SAC,70,972,423,48,26,202,1337
Malik Beasley,28,DET,82,214,139,73,5,83,1336
Shaedon Sharpe,21,POR,72,324,198,62,16,150,1335
OG Anunoby,27,NYK,74,358,164,110,65,102,1332
Desmond Bane,26,MEM,69,418,369,80,28,169,1327
Evan Mobley,23,CLE,71,659,226,61,113,145,1316
Norman Powell,31,LAC,60,190,125,73,9,108,1306
Miles Bridges,26,CHO,64,481,248,44,45,136,1300
Julius Randle,30,MIN,69,487,323,47,16,196,1288
Anthony Davis,31,2TM,51,590,181,59,110,113,1261
Scottie Barnes,23,TOR,65,502,378,93,63,185,1252
Derrick White,30,BOS,76,341,361,72,80,131,1248
Kyrie Irving,32,DAL,50,240,231,66,23,111,1234
RJ Barrett,24,TOR,58,366,314,46,17,165,1223
Deni Avdija,24,POR,72,522,281,71,35,196,1219
Christian Braun,23,DEN,79,410,205,85,37,81,1218
Paolo Banchero,22,ORL,46,345,219,36,28,136,1191
Stephon Castle,20,SAS,81,297,332,74,22,177,1190
LaMelo Ball,23,CHO,47,232,346,54,13,167,1184
CJ McCollum,33,NOP,56,212,227,46,24,106,1183
Ja Morant,25,MEM,50,205,364,61,12,185,1159
Collin Sexton,26,UTA,63,171,264,47,6,160,1159
Bennedict Mathurin,22,IND,72,383,136,47,24,135,1156
Payton Pritchard,27,BOS,80,307,279,70,14,83,1144
Naz Reid,25,MIN,80,480,181,58,72,108,1138
Keyonte George,21,UTA,67,253,377,46,9,183,1125
Trey Murphy III,24,NOP,53,268,188,56,39,103,1124
Myles Turner,28,IND,72,471,111,54,144,123,1120
Malik Monk,26,SAC,65,245,362,61,38,159,1117
Victor Wembanyama,21,SAS,46,506,168,52,176,149,1116
Jarrett Allen,26,CLE,82,798,158,77,73,97,1103
Quentin Grimes,24,2TM,75,324,228,74,22,141,1092
De'Andre Hunter,27,2TM,64,258,92,50,13,82,1088
Andrew Wiggins,29,2TM,60,269,158,60,50,99,1078
Dyson Daniels,21,ATL,76,449,333,229,55,155,1073
Cameron Johnson,28,BRK,57,247,194,53,25,99,1070
Dillon Brooks,29,HOU,75,275,128,60,16,76,1053
Josh Hart,29,NYK,77,737,453,119,27,158,1051
Brook Lopez,36,MIL,80,401,143,50,148,84,1041
Devin Vassell,24,SAS,64,255,183,84,33,88,1041
Josh Giddey,22,CHI,70,566,503,84,45,202,1022
Harrison Barnes,32,SAS,82,310,136,39,14,50,1011
Klay Thompson,34,DAL,72,246,145,50,30,88,1005
Tobias Harris,32,DET,73,432,162,74,57,85,1002
Jaden McDaniels,24,MIN,82,470,163,110,74,95,1000
Russell Westbrook,36,DEN,75,370,457,106,37,242,994
Onyeka Okongwu,24,ATL,74,660,168,69,68,90,988
Dennis Schröder,31,3TM,75,198,404,66,12,142,980
Keldon Johnson,25,SAS,77,371,125,49,22,77,979
Amen Thompson,22,HOU,69,564,265,97,89,138,970
Jimmy Butler,35,2TM,55,296,298,77,18,74,964
Kyle Kuzma,29,2TM,65,370,152,36,19,146,964
Keegan Murray,24,SAC,76,507,109,61,69,60,942
Zaccharie Risacher,19,ATL,75,268,92,52,37,92,942
Jalen Duren,21,DET,78,807,209,54,89,136,918
Naji Marshall,27,DAL,69,328,208,70,11,112,914
Aaron Wiggins,26,OKC,76,295,134,60,18,69,914
Buddy Hield,32,GSW,82,264,134,69,23,91,912
Kelly Oubre Jr.,29,PHI,60,368,108,92,30,80,906
Bradley Beal,31,PHO,53,177,195,58,28,99,902
Lauri Markkanen,27,UTA,47,278,70,33,17,66,892
Toumani Camara,24,POR,78,450,175,116,50,109,882
Ty Jerome,27,CLE,70,173,237,78,3,92,878
Spencer Dinwiddie,31,DAL,79,209,349,70,17,102,872
Alex Sarr,19,WAS,67,435,161,44,101,114,869
Rudy Gobert,32,MIN,72,785,127,56,104,89,866
Tim Hardaway Jr.,32,DET,77,183,123,38,7,48,844
Fred VanVleet,30,HOU,60,221,333,94,25,87,844
Jonas Valančiūnas,32,2TM,81,627,164,37,46,120,843
Keon Johnson,22,BRK,79,297,175,82,30,116,839
Scoot Henderson,20,POR,66,198,335,68,13,177,837
P.J. Washington,26,DAL,57,442,131,63,60,118,836
Obi Toppin,26,IND,79,318,128,46,28,68,833
Tyus Jones,28,PHO,81,196,429,69,8,91,829
Jakob Poeltl,29,TOR,57,547,158,66,71,111,824
Gary Trent Jr.,26,MIL,74,168,87,72,4,42,824
Jaylen Wells,21,MEM,79,268,135,44,8,69,823
Kristaps Porziņģis,29,BOS,42,284,87,31,63,53,818
Duncan Robinson,30,MIA,74,167,176,40,6,86,817
Julian Champagnie,23,SAS,82,318,111,61,35,74,815
Santi Aldama,24,MEM,65,416,188,52,29,71,811
Bub Carrington,19,WAS,82,341,364,54,21,141,807
Kawhi Leonard,33,LAC,37,219,116,59,17,72,796
Georges Niang,31,2TM,79,272,111,28,14,82,784
Derrick Jones Jr.,27,LAC,77,263,60,79,33,66,781
Scotty Pippen Jr.,24,MEM,79,259,347,103,30,138,779
Gradey Dick,21,TOR,54,193,98,48,10,83,777
Caris LeVert,30,2TM,64,203,215,57,33,76,776
Rui Hachimura,26,LAL,59,295,83,45,26,49,775
Nickeil Alexander-Walker,26,MIN,82,265,223,50,34,99,773
Brice Sensabaugh,21,UTA,71,210,110,46,8,107,772
Kevin Porter Jr.,24,2TM,75,278,256,81,13,136,771
Guerschon Yabusele,29,PHI,70,395,148,58,24,87,768
John Collins,27,UTA,40,327,80,39,40,103,758
Isaiah Joe,25,OKC,74,196,119,48,9,38,756
Jalen Wilson,24,BRK,79,270,145,40,5,79,749
Max Christie,21,2TM,78,258,146,64,31,88,749
Aaron Gordon,29,DEN,51,247,164,23,14,73,748
Brandin Podziemski,21,GSW,64,325,220,69,13,75,747
Zion Williamson,24,NOP,30,216,159,37,27,90,737
Anthony Black,21,ORL,78,230,240,86,48,139,736
D'Angelo Russell,28,2TM,58,162,297,56,23,108,732
Bilal Coulibaly,20,WAS,59,294,199,78,41,125,727
Nic Claxton,25,BRK,70,515,157,62,100,87,724
Moses Moody,22,GSW,74,189,96,59,31,54,724
Donte DiVincenzo,28,MIN,62,228,225,73,17,99,723
Chris Paul,39,SAS,82,296,605,103,22,129,723
T.J. McConnell,32,IND,79,193,351,83,21,109,720
Luguentz Dort,25,OKC,71,293,115,79,39,51,719
Jonathan Kuminga,22,GSW,47,217,104,38,21,71,719
Dalton Knecht,23,LAL,78,216,66,24,8,37,706
Corey Kispert,25,WAS,61,181,103,26,14,64,705
Daniel Gafford,26,DAL,57,388,80,23,102,66,701
Jabari Smith Jr.,21,HOU,57,399,60,25,41,61,698
Amir Coffey,27,LAC,72,161,77,40,7,45,696
Kyle Filipowski,21,UTA,72,440,140,48,22,102,690
Matas Buzelis,20,CHI,80,278,79,29,75,74,688
Tari Eason,23,HOU,57,362,83,97,50,65,686
Jrue Holiday,34,BOS,62,265,239,66,27,77,686
Kevin Huerter,26,2TM,69,205,156,66,23,67,681
Grayson Allen,29,PHO,64,194,137,54,19,75,680
Jalen Johnson,23,ATL,36,359,181,56,36,106,680
Royce O'Neale,31,PHO,75,349,163,67,34,65,680
Bobby Portis,29,MIL,49,411,104,35,26,57,680
Terry Rozier,30,MIA,64,238,167,37,14,78,679
Jerami Grant,30,POR,47,163,101,41,46,65,677
Kentavious Caldwell-Pope,31,ORL,77,169,136,99,34,62,673
Mark Williams,23,CHO,44,447,109,32,54,71,671
Ochai Agbaji,24,TOR,64,242,98,58,30,54,667
Keon Ellis,25,SAC,80,212,120,121,63,71,666
Paul George,34,PHI,41,219,178,75,20,106,665
Yves Missi,20,NOP,73,601,99,37,98,82,665
Taurean Prince,30,MIL,80,287,155,76,15,82,656
Andrew Nembhard,25,IND,65,216,326,79,11,112,653
Walker Kessler,23,UTA,58,707,97,36,138,86,641
Isaiah Hartenstein,26,OKC,57,611,219,47,62,96,637
Ziaire Williams,23,BRK,63,287,84,62,28,67,632
Cole Anthony,24,ORL,67,204,191,45,32,103,630
Wendell Carter Jr.,25,ORL,68,492,134,52,41,77,618
Jeremy Sochan,21,SAS,54,352,128,45,27,84,617
Isaiah Collier,20,UTA,71,235,446,66,16,208,615
Draymond Green,34,GSW,68,414,383,99,70,174,613
Miles McBride,24,NYK,64,161,187,67,17,41,611
Zach Edey,22,MEM,66,548,65,36,85,88,610
Sam Hauser,27,BOS,71,224,64,41,13,23,605
Jordan Hawkins,22,NOP,56,158,66,30,23,58,604
Jordan Clarkson,32,UTA,37,118,138,31,9,86,600
Cam Thomas,23,BRK,25,83,94,15,2,62,599
Kel'el Ware,20,MIA,64,473,60,39,71,57,595
Ausar Thompson,22,DET,59,303,134,98,40,80,594
Nick Smith Jr.,20,CHO,60,128,145,17,6,82,591
Kyshawn George,21,WAS,68,285,169,68,50,97,590
Julian Strawther,22,DEN,65,142,83,39,16,57,588
Davion Mitchell,26,2TM,74,167,363,72,16,128,588
Bogdan Bogdanović,32,2TM,54,159,146,41,11,74,583
Mike Conley,37,MIN,71,182,319,79,14,75,582
Jose Alvarado,26,NOP,56,136,259,74,14,86,579
Deandre Ayton,26,POR,40,406,64,31,39,69,576
Luke Kennard,28,MEM,65,183,215,50,5,72,576
Johnny Juzang,23,UTA,64,184,68,39,8,36,571
Jaime Jaquez Jr.,23,MIA,66,290,166,61,14,98,570
Brandon Miller,22,CHO,27,131,98,29,20,76,568
Cason Wallace,21,OKC,68,229,173,120,35,59,568
Jalen Suggs,23,ORL,35,141,129,51,33,102,567
Ayo Dosunmu,25,CHI,46,161,208,43,18,69,566
Patrick Williams,23,CHI,63,237,124,48,32,86,566
Immanuel Quickley,25,TOR,33,117,191,23,4,58,564
Dalano Banton,25,POR,67,135,160,43,34,86,559
Peyton Watson,22,DEN,68,233,94,48,93,56,551
Dorian Finney-Smith,31,2TM,63,247,90,58,23,56,549
Justin Champagnie,23,WAS,62,351,60,65,39,54,544
Dejounte Murray,28,NOP,31,200,228,63,12,106,542
A.J. Green,25,MIL,73,174,108,37,7,40,541
Aaron Nesmith,25,IND,45,178,54,35,17,37,541
Jared Butler,24,2TM,60,110,220,42,13,80,541
Al Horford,38,BOS,60,369,128,36,51,46,538
Brandon Clarke,28,MEM,64,326,66,52,36,41,534
Tristan Da Silva,23,ORL,74,245,113,33,18,56,533
Jamal Shead,22,TOR,75,115,316,58,10,117,533
Ricky Council IV,23,PHI,73,214,97,32,13,52,532
Nick Richards,27,2TM,57,466,49,14,55,81,529
Jaden Ivey,22,DET,30,124,119,28,11,89,528
Jalen Smith,24,CHI,64,357,65,17,44,37,524
Tyrese Martin,25,BRK,60,219,122,34,9,74,523
Ron Holland,19,DET,81,218,82,49,17,72,522
Terance Mann,28,2TM,67,199,121,47,15,47,517
Ryan Dunn,22,PHO,74,267,57,44,40,40,511
Sam Merrill,28,CLE,71,157,108,53,14,35,509
Josh Green,24,CHO,68,172,108,74,15,70,506
Goga Bitadze,25,ORL,70,463,137,49,98,72,502
Chris Boucher,32,TOR,50,224,33,24,25,29,502
Cameron Payne,30,NYK,72,104,203,39,16,52,500
Jaden Hardy,22,DAL,57,89,81,28,5,82,496
Nikola Jović,21,MIA,46,180,131,38,13,60,494
Clint Capela,30,ATL,55,469,62,34,53,47,488
Chet Holmgren,22,OKC,32,257,63,23,71,56,479
Haywood Highsmith,28,MIA,74,252,112,68,37,54,478
Cam Whitmore,20,HOU,51,151,49,31,13,46,477
Kris Dunn,30,LAC,74,251,210,128,27,74,474
Max Strus,28,CLE,50,217,158,26,12,54,471
Jarace Walker,21,IND,75,229,110,54,25,78,461
Gabe Vincent,28,LAL,72,92,98,51,13,41,460
Jake LaRavia,23,2TM,66,259,158,62,23,86,458
Jusuf Nurkić,30,2TM,51,398,115,40,34,97,453
Joel Embiid,30,PHI,19,155,85,14,18,62,452
Trey Lyles,29,SAC,69,316,82,41,23,39,451
Trendon Watford,24,BRK,44,160,115,27,12,83,450
Ja'Kobe Walter,20,TOR,52,160,81,43,10,50,449
Brandon Boston Jr.,23,NOP,42,134,92,53,9,52,448
Simone Fontecchio,29,DET,75,215,65,31,12,54,446
Justin Edwards,21,PHI,44,148,69,45,16,49,445
Seth Curry,34,CHO,68,113,60,27,7,32,444
Luke Kornet,29,BOS,73,388,117,36,71,31,441
Khris Middleton,33,2TM,37,137,150,35,8,56,440
Jay Huff,26,MEM,64,129,38,16,56,34,439
Donovan Clingan,20,POR,67,527,77,34,110,72,436
Kenrich Williams,30,OKC,69,241,97,43,10,39,436
Isaiah Stewart,23,DET,72,399,123,28,101,68,435
Thomas Bryant,27,2TM,66,251,53,28,41,30,429
Noah Clowney,20,BRK,46,181,40,24,21,46,420
Jamison Battle,23,TOR,59,158,53,17,10,27,419
Jeremiah Robinson-Earl,24,NOP,66,315,88,39,7,51,418
Vit Krejci,24,ATL,57,156,147,36,26,50,412
Trayce Jackson-Davis,24,GSW,62,311,104,23,38,45,407
Zach Collins,27,2TM,64,288,111,29,29,60,407
Moussa Diabaté,23,CHO,71,438,56,46,40,61,403
Brandon Ingram,27,NOP,18,100,93,16,11,69,400
Gary Payton II,32,GSW,62,185,83,52,17,39,400
Day'Ron Sharpe,23,BRK,50,330,91,41,42,63,397
Jonathan Mogbo,23,TOR,63,311,146,55,34,70,389
Moritz Wagner,27,ORL,30,148,42,24,12,49,386
Sandro Mamukelashvili,25,SAS,61,187,48,22,17,26,385
Kelly Olynyk,33,2TM,44,206,128,33,19,76,384
Jaxson Hayes,24,LAL,56,269,58,31,51,43,383
Alex Caruso,30,OKC,54,159,137,87,30,37,382
Jonathan Isaac,27,ORL,71,314,40,61,80,33,380
Precious Achiuwa,25,NYK,57,317,55,47,42,45,379
Talen Horton-Tucker,24,CHI,58,100,83,21,11,40,379
Marcus Sasser,24,DET,57,69,133,37,4,54,375
Julian Phillips,21,CHI,79,169,39,38,20,27,366
Cody Martin,29,2TM,53,224,105,56,32,51,358
Kyle Anderson,31,2TM,61,206,145,40,33,37,357
Alec Burks,33,MIA,49,124,55,28,7,29,356
Caleb Martin,29,2TM,45,177,95,46,23,56,356
Garrison Mathews,28,ATL,47,87,60,26,15,31,353
Tidjane Salaün,19,CHO,60,280,74,29,14,58,353
Jared McCain,20,PHI,23,56,60,15,0,37,352
Ryan Rollins,22,MIL,56,108,104,42,17,53,349
Javonte Green,31,2TM,68,218,56,65,31,32,347
Kevon Looney,28,GSW,76,462,118,46,37,39,344
Aaron Holiday,28,HOU,62,78,83,19,11,37,340
Quinten Post,24,GSW,42,148,56,16,18,33,340
Bruce Brown,28,2TM,41,164,84,34,10,39,340
Adem Bona,21,PHI,58,245,27,26,69,61,337
Isaac Okoro,24,CLE,55,130,68,32,16,23,337
Svi Mykhailiuk,27,UTA,38,90,76,19,7,52,334
Mason Plumlee,34,PHO,74,455,134,33,47,59,333
Ben Sheppard,23,IND,63,177,85,38,14,22,332
Tristan Vukcevic,21,WAS,35,130,39,11,23,42,330
Tre Jones,25,2TM,46,116,192,37,10,35,330
Dalen Terry,22,CHI,73,124,97,44,15,53,326
Karlo Matković,23,NOP,42,209,46,22,41,43,325
Dean Wade,28,CLE,59,249,76,42,20,22,320
DaQuan Jeffries,27,CHO,47,135,53,26,25,35,315
Shake Milton,28,2TM,57,104,102,25,4,40,315
Dereck Lively II,20,DAL,36,270,85,20,56,41,314
Nicolas Batum,36,LAC,78,218,84,52,36,34,313
Jabari Walker,22,POR,60,211,37,33,6,34,313
Neemias Queta,25,BOS,62,236,45,18,42,40,310
Malcolm Brogdon,32,WAS,24,91,98,13,5,38,305
Antonio Reeves,24,NOP,44,63,39,21,4,30,305
Marcus Smart,30,2TM,34,72,109,39,9,54,305
Orlando Robinson,24,2TM,44,220,77,17,16,49,303
Andre Drummond,31,PHI,40,310,34,39,18,55,293
Kris Murray,24,POR,69,182,68,35,17,43,287
Landry Shamet,27,NYK,50,61,27,23,2,22,286
Jeff Dowtin Jr.,27,PHI,41,60,78,24,12,15,285
Josh Okogie,26,2TM,40,113,33,48,18,31,283
KJ Simpson,22,CHO,36,109,112,34,6,56,282
Drew Eubanks,27,2TM,61,226,54,12,39,41,280
Jaylin Williams,22,OKC,47,262,120,22,29,35,278
Brandon Williams,25,DAL,33,58,76,24,5,39,275
KJ Martin,24,2TM,43,125,48,17,22,24,274
Vasilije Micić,31,2TM,41,89,128,15,0,77,269
Lonzo Ball,27,CHI,35,118,115,47,17,41,267
Tosan Evbuomwan,23,BRK,28,120,55,24,10,39,267
Jett Howard,21,ORL,60,70,44,13,11,36,267
Eric Gordon,36,PHI,39,46,65,26,12,28,266
Lindy Waters III,27,2TM,52,110,52,27,11,20,256
Ben Simmons,28,2TM,51,241,285,38,23,102,256
Oso Ighodaro,22,PHO,61,222,71,28,29,39,255
Pelle Larsson,23,MIA,55,92,65,32,7,24,251
Lonnie Walker IV,26,PHI,20,63,50,10,5,25,247
Bol Bol,25,PHO,36,104,22,9,25,20,244
Caleb Houstan,22,ORL,58,75,35,22,6,13,239
A.J. Lawson,24,TOR,26,86,31,13,6,15,236
Malaki Branham,21,SAS,47,51,38,11,2,34,235
Ajay Mitchell,22,OKC,36,68,64,25,4,29,234
Monte Morris,29,PHO,45,67,73,20,3,21,233
Richaun Holmes,31,WAS,31,177,42,9,23,21,230
Andre Jackson Jr.,23,MIL,67,182,83,34,14,58,230
Cody Williams,20,UTA,50,113,59,23,16,44,230
Reed Sheppard,20,HOU,52,78,75,35,17,37,229
Gui Santos,22,GSW,56,172,80,25,10,42,227
Steven Adams,31,HOU,58,327,66,22,28,54,225
AJ Johnson,20,2TM,29,59,76,12,3,35,220
Rob Dillingham,20,MIN,49,50,98,20,1,53,219
Blake Wesley,21,SAS,58,61,114,37,6,54,217
Pat Connaughton,32,MIL,41,109,70,9,11,24,216
GG Jackson II,20,MEM,29,92,29,12,5,31,209
DeAndre Jordan,36,DEN,56,284,53,16,27,40,209
Herbert Jones,26,NOP,20,78,65,37,9,35,205
Larry Nance Jr.,32,ATL,24,103,38,20,13,16,203
Olivier-Maxence Prosper,22,DAL,52,126,40,26,6,14,201
Jock Landale,29,HOU,42,137,37,13,10,21,200
Jalen Pickett,25,DEN,49,71,107,19,5,24,200
Kai Jones,24,2TM,40,125,25,15,23,18,198
Mouhamed Gueye,22,ATL,33,139,27,28,33,15,197
Jamal Cain,25,NOP,37,85,22,23,9,22,196
Collin Gillespie,25,PHO,33,78,78,21,5,17,194
Duop Reath,28,POR,46,92,26,12,14,16,194
Craig Porter Jr.,24,CLE,51,67,71,17,15,38,188
Jae'Sean Tate,29,HOU,52,117,47,26,7,22,188
Zeke Nnaji,24,DEN,57,90,23,25,38,14,184
Paul Reed,25,DET,45,123,44,39,25,26,184
Tre Mann,23,CHO,13,38,39,7,4,25,183
Vince Williams Jr.,24,MEM,27,98,55,12,7,33,179
Cory Joseph,33,ORL,50,74,72,26,4,18,177
Dante Exum,29,DAL,20,33,56,12,3,22,174
Jeff Green,38,HOU,32,58,20,6,4,9,172
Kessler Edwards,24,DAL,40,115,42,19,20,16,168
Keaton Wallace,25,ATL,31,50,81,28,9,33,168
Jaylon Tyson,22,CLE,47,96,44,13,3,26,167
Grant Williams,26,CHO,16,82,37,18,13,28,166
Jaylen Clark,23,MIN,40,53,26,36,2,8,163
Quenton Jackson,26,IND,28,44,53,21,5,16,162
Micah Potter,26,UTA,38,164,31,14,14,31,162
Daniel Theis,32,NOP,38,164,60,18,20,25,162
Jordan Goodwin,26,LAL,29,112,42,30,11,26,161
Charles Bassey,24,SAS,36,152,17,14,30,23,157
Colby Jones,22,2TM,39,87,44,26,13,23,157
Rayan Rupert,20,POR,52,70,25,16,4,30,155
Jevon Carter,29,CHI,36,39,40,13,3,11,153
David Roddy,23,3TM,33,84,35,14,9,22,153
Jordan Miller,25,LAC,37,58,34,17,5,26,152
Trevelin Queen,27,ORL,31,54,38,31,10,22,152
Wendell Moore Jr.,23,2TM,36,95,42,20,5,27,150
Bones Hyland,24,2TM,24,25,32,18,4,25,149
Dominick Barlow,21,ATL,35,85,19,9,16,5,148
Doug McDermott,33,SAC,42,22,7,4,2,6,147
Jarred Vanderbilt,25,LAL,36,182,41,35,10,29,147
Gary Harris,30,ORL,48,64,30,26,12,17,145
Bismack Biyombo,32,SAS,28,158,31,16,23,27,144
Keion Brooks Jr.,24,NOP,14,58,13,10,10,12,142
Ousmane Dieng,21,OKC,37,81,31,17,7,18,142
Devin Carter,22,SAC,36,76,41,21,4,18,138
Luka Garza,26,MIN,39,54,11,6,3,12,138
Kyle Lowry,38,PHI,35,67,96,33,11,21,138
Terrence Shannon Jr.,24,MIN,32,47,32,7,5,15,138
Mo Bamba,26,2TM,32,145,18,9,31,20,138
Reggie Jackson,34,PHI,31,42,45,16,3,17,136
Marvin Bagley III,25,2TM,31,84,11,9,8,12,136
Dillon Jones,23,OKC,54,121,58,16,4,28,135
Isaac Jones,24,SAC,40,57,12,5,10,16,134
Hunter Tyson,24,DEN,51,78,20,10,6,14,134
Anthony Gill,32,WAS,51,66,16,9,2,10,129
Delon Wright,32,2TM,40,66,77,35,12,22,125
Colin Castleton,24,3TM,26,122,28,8,10,23,123
Branden Carlson,25,OKC,32,54,14,5,21,7,122
Kevin Love,36,MIA,23,94,22,15,4,14,122
Isaiah Wong,24,CHO,20,32,28,11,0,18,120
Josh Minott,22,MIN,46,47,18,15,12,11,119
Jared Rhoden,25,2TM,14,42,16,10,2,9,118
Robert Williams,27,POR,20,118,21,13,33,17,116
Maxwell Lewis,22,2TM,28,55,19,9,7,14,116
Dariq Whitehead,20,BRK,20,29,12,6,1,15,114
Dwight Powell,33,DAL,55,118,55,18,21,18,114
Baylor Scheierman,24,BOS,31,65,33,17,2,12,113
John Konchar,28,MEM,46,151,42,30,14,16,112
Matisse Thybulle,27,POR,15,52,28,33,9,13,112
Patty Mills,36,2TM,29,22,26,13,3,17,111
Damion Baugh,24,CHO,15,50,56,15,2,31,109
Drew Timme,24,BRK,9,65,20,4,1,15,109
Jaden Springer,22,2TM,43,58,33,24,4,16,109
Torrey Craig,34,2TM,26,73,17,8,12,8,108
Taj Gibson,39,CHO,37,120,21,9,18,25,107
Oscar Tshiebwe,25,UTA,14,122,9,13,1,10,107
Cam Spencer,24,MEM,25,30,34,9,1,6,106
Jalen Hood-Schifino,21,2TM,15,27,37,5,7,18,106
Cam Reddish,25,LAL,33,66,22,33,10,12,105
Johnny Furphy,20,IND,50,71,19,18,11,12,103
Maxi Kleber,33,DAL,34,95,43,9,17,23,103
Pat Spencer,28,GSW,39,46,48,14,3,18,98
Jericho Sims,26,2TM,53,197,33,10,19,33,98
Jordan McLaughlin,28,2TM,46,30,51,16,1,16,98
Trey Jemison,25,2TM,38,105,16,9,15,24,95
Reece Beekman,23,2TM,36,39,63,33,2,21,93
Christian Koloko,24,LAL,37,92,16,8,16,12,90
Mitchell Robinson,26,NYK,17,101,13,16,18,10,87
Dru Smith,27,MIA,14,36,23,21,6,17,87
Lester Quiñones,24,2TM,13,19,24,3,2,14,86
Elfrid Payton,30,2TM,24,79,166,24,11,59,85
Damion Lee,32,PHO,25,20,11,6,0,10,83
Jordan Walsh,20,BOS,52,69,19,12,11,17,82
Tyler Kolek,23,NYK,41,27,70,12,4,18,81
Johnny Davis,22,WAS,34,38,11,15,6,7,80
MarJon Beauchamp,24,3TM,35,44,11,4,1,15,79
Jaylen Martin,21,2TM,16,44,17,9,0,12,78
Kobe Brown,25,LAC,40,65,24,7,4,12,77
Alex Reese,25,2TM,15,47,4,10,10,6,76
Moses Brown,25,2TM,13,44,2,6,4,11,76
Lamar Stevens,27,MEM,17,38,8,5,3,10,74
Alex Len,31,2TM,46,95,38,9,21,20,74
JT Thor,22,2TM,20,48,6,8,9,9,71
Tristan Thompson,33,CLE,40,134,24,2,11,14,69
Marcus Bagley,23,PHI,10,70,10,9,12,7,67
Jaylen Nowell,25,NOP,8,20,18,1,4,8,67
Tyler Smith,20,MIL,23,25,4,3,4,8,67
Adam Flagler,25,OKC,37,27,12,8,3,4,65
Jeenathan Williams,25,HOU,20,13,9,8,4,14,65
Bronny James,20,LAL,27,18,22,9,3,13,62
De'Anthony Melton,26,GSW,6,20,17,7,2,10,62
Tony Bradley,27,IND,14,42,6,2,9,5,61
Markelle Fultz,26,SAC,21,20,27,10,2,15,61
Cole Swider,25,2TM,10,27,3,4,2,4,59
Bruno Fernando,26,TOR,17,51,18,4,9,14,58
Dario Šarić,30,DEN,16,50,23,7,1,15,56
Markieff Morris,35,2TM,15,23,21,2,3,5,56
Tyson Etienne,25,BRK,7,9,12,3,1,8,55
Killian Hayes,23,BRK,6,18,31,4,4,9,54
Drew Peterson,25,BOS,25,40,13,5,2,8,54
Kobe Bufkin,21,ATL,10,21,17,3,2,8,53
Garrett Temple,38,TOR,28,29,31,17,2,10,53
Chuma Okeke,26,2TM,9,47,15,5,4,3,53
Patrick Baldwin Jr.,22,2TM,24,25,3,3,2,5,53
Oshae Brissett,26,PHI,6,22,4,4,3,8,52
Ariel Hukporti,22,NYK,25,51,11,1,15,21,48
Enrique Freeman,24,IND,22,30,9,3,3,6,46
Kevin Knox,25,GSW,14,17,5,2,4,4,46
Keshad Johnson,23,MIA,16,28,4,5,4,4,43
Daeqwon Plowden,26,ATL,6,11,2,0,0,4,43
Jaylen Sims,26,CHO,6,6,12,3,1,8,42
Pete Nance,24,2TM,13,21,10,2,2,4,38
Emoni Bates,21,CLE,10,7,8,1,1,2,37
Chris Duarte,27,CHI,17,20,9,0,0,1,36
Alex Ducas,24,OKC,21,26,5,5,0,4,36
Yuki Kawamura,23,MEM,22,12,19,2,0,5,36
Nae'Qwan Tomlin,24,CLE,5,21,2,0,1,2,36
Isaiah Jackson,23,IND,5,28,5,3,8,5,35
TyTy Washington Jr.,23,PHO,16,13,16,3,0,3,35
Xavier Tillman Sr.,26,BOS,33,43,7,11,5,14,34
Kylor Kelley,27,2TM,11,39,5,1,3,4,34
JD Davison,22,BOS,16,13,13,5,1,13,33
PJ Hall,22,DEN,19,22,4,0,4,2,33
Trey Alexander,21,DEN,24,12,11,2,1,5,32
Elijah Harkless,24,UTA,10,21,8,10,1,3,32
Josh Richardson,31,MIA,8,12,12,8,1,8,32
Sidy Cissoko,20,2TM,22,21,15,2,1,11,32
Pacome Dadiet,19,NYK,18,18,5,3,2,4,30
RayJ Dennis,23,IND,11,12,14,7,2,5,30
Chris Livingston,21,MIL,21,35,5,5,0,6,30
Josh Christopher,23,MIA,14,9,8,5,3,6,28
Marcus Garrett,26,CHO,4,6,13,3,2,6,28
Matt Ryan,27,NYK,19,8,3,2,0,3,28
Spencer Jones,23,DEN,20,17,5,5,5,5,26
Vlatko Čančar,27,DEN,13,32,9,3,2,11,24
N'Faly Dante,23,HOU,4,21,2,1,5,2,24
Jazian Gortman,21,DAL,16,5,6,2,1,5,24
Jae Crowder,34,SAC,9,20,6,3,0,4,23
Mason Jones,26,SAC,10,9,11,0,1,1,23
Jacob Toppin,24,2TM,17,15,6,2,0,3,23
Jackson Rowe,28,GSW,6,11,4,4,0,1,22
E.J. Liddell,24,CHI,12,9,3,1,1,2,21
Leonard Miller,21,MIN,13,11,0,2,1,2,20
Cam Christie,19,LAC,13,12,6,5,1,2,18
Justin Minaya,25,POR,19,10,7,6,1,5,18
Jamaree Bouyea,25,MIL,5,5,10,4,2,8,17
David Duke Jr.,25,SAS,6,5,4,1,0,2,16
Malachi Flynn,26,CHO,4,7,7,3,0,4,16
Joe Ingles,37,MIN,19,11,23,2,0,9,15
Bobi Klintman,21,DET,8,7,7,2,1,1,15
Stanley Umude,25,MIL,22,17,4,3,6,3,15
Taylor Hendricks,21,UTA,3,15,2,5,4,2,14
Jack McVeigh,28,HOU,9,5,1,0,2,2,14
Tolu Smith,24,DET,1,8,0,0,0,2,14
Armel Traoré,22,LAL,9,15,1,4,2,3,14
Isaiah Crawford,23,SAC,15,8,1,1,2,1,13
Bryce McGowens,22,POR,13,3,2,1,0,4,13
Luke Travers,23,CLE,12,20,8,1,1,8,12
Trentyn Flowers,19,LAC,6,4,0,0,0,1,11
Jahmir Young,24,CHI,6,3,6,0,0,1,11
Emanuel Miller,24,CHI,6,8,2,1,0,0,10
Jalen Bridges,23,PHO,8,4,0,0,0,4,9
Liam Robbins,25,MIL,13,12,2,2,2,6,9
P.J. Tucker,39,NYK,3,8,0,1,1,1,9
James Johnson,37,IND,12,6,4,0,2,4,8
Adama Sanogo,22,CHI,4,6,1,0,0,1,8
Anton Watson,24,NYK,9,3,2,1,0,2,8
Phillip Wheeler,22,PHI,5,8,2,1,2,1,8
PJ Dozier,28,MIN,9,5,5,1,0,1,7
Daniss Jenkins,23,DET,7,2,3,0,0,1,7
Miles Norris,24,BOS,3,9,0,2,1,0,7
Kevin McCullar Jr.,23,NYK,4,8,2,1,1,0,6
Isaiah Mobley,25,PHI,1,4,5,1,1,0,6
Taze Moore,26,POR,2,8,1,2,0,2,6
James Wiseman,23,IND,1,1,0,0,0,0,6
Ulrich Chomche,19,TOR,7,8,2,0,1,2,5
Skal Labissière,28,SAC,4,3,1,0,0,0,5
Alondes Williams,25,DET,1,0,1,0,0,0,5
Ron Harper Jr.,24,DET,1,7,2,0,0,0,4
Harrison Ingram,22,SAS,5,9,3,3,0,1,4
D.J. Carton,24,TOR,4,4,3,2,0,4,3
Cui Yongxi,21,BRK,5,2,0,0,0,0,3
Braxton Key,27,GSW,3,2,0,2,0,1,3
Tristen Newton,23,2TM,8,4,2,1,0,2,3
Quincy Olivari,23,LAL,2,0,1,0,0,1,3
Yuri Collins,23,GSW,2,3,4,2,0,0,2
Malevy Leons,25,OKC,6,3,1,0,0,1,2
Daishen Nix,22,MIN,3,4,3,0,0,4,1
Terence Davis,27,SAC,1,1,1,0,0,0,0
Jesse Edwards,24,MIN,2,0,1,0,0,0,0
Mac McClung,26,ORL,2,1,3,0,0,0,0
Jalen McDaniels,27,WAS,4,0,1,1,0,0,0
Riley Minix,24,SAS,1,2,0,0,0,0,0
Jahlil Okafor,29,IND,1,1,1,0,0,0,0
Zyon Pullin,23,MEM,3,0,0,0,0,0,0
Isaiah Stevens,24,MIA,3,2,0,1,0,0,0
Terry Taylor,25,SAC,3,1,2,0,0,0,0
